Idioma,Promedio Factor,Promedio Bits/símbolo
ES,6.938363559622057,4.26319869949747
FR,6.960645018662682,4.241284472566496
EN,8.002918944721339,4.290913847007898
